[{"model": "clientes.tipotel", "pk": 1, "fields": {"nombre": "Celular"}}, {"model": "clientes.tipotel", "pk": 2, "fields": {"nombre": "Fijo"}}, {"model": "clientes.telefono", "pk": 4474747, "fields": {"tipo": 2}}, {"model": "clientes.telefono", "pk": 79999999, "fields": {"tipo": 1}}, {"model": "clientes.empresa", "pk": "PB_01", "fields": {"nombre": "Petrobras", "telefonos": [4474747]}}, {"model": "clientes.contacto", "pk": 1, "fields": {"nombre": "John Doe", "empresa": "PB_01", "telefonos": [79999999]}}, {"model": "clientes.proyecto", "pk": 1, "fields": {"nombre": "PB_PJ_GAS_01", "empresa": "PB_01"}}, {"model": "clientes.pnid", "pk": 1, "fields": {"nombre": "PnID_01", "proyecto": 1}}, {"model": "clientes.parametro", "pk": 6, "fields": {"nombre": "Espesor"}}, {"model": "clientes.parametro", "pk": 7, "fields": {"nombre": "Tiempo"}}, {"model": "clientes.parametro", "pk": 8, "fields": {"nombre": "CorrosionAdmisible"}}, {"model": "clientes.parametro", "pk": 10, "fields": {"nombre": "Velocidad"}}, {"model": "clientes.parametro", "pk": 11, "fields": {"nombre": "TempOper"}}, {"model": "clientes.parametro", "pk": 13, "fields": {"nombre": "PresOper"}}, {"model": "clientes.parametro", "pk": 14, "fields": {"nombre": "MAWP"}}, {"model": "clientes.parametro", "pk": 15, "fields": {"nombre": "NumInspecc"}}, {"model": "clientes.parametro", "pk": 16, "fields": {"nombre": "Frecuencia"}}, {"model": "clientes.parametro", "pk": 17, "fields": {"nombre": "ProxInspec"}}, {"model": "clientes.parametro", "pk": 19, "fields": {"nombre": "TensionFluencia"}}, {"model": "clientes.parametro", "pk": 20, "fields": {"nombre": "TensionRotura"}}, {"model": "clientes.parametro", "pk": 21, "fields": {"nombre": "Diametro"}}, {"model": "clientes.parametro", "pk": 22, "fields": {"nombre": "Mecanismo"}}, {"model": "clientes.parametro", "pk": 23, "fields": {"nombre": "FuenteInfo"}}, {"model": "clientes.parametro", "pk": 24, "fields": {"nombre": "TipoAdelg"}}, {"model": "clientes.parametro", "pk": 25, "fields": {"nombre": "EfectivInspecc"}}, {"model": "clientes.parametro", "pk": 26, "fields": {"nombre": "Monitoreo"}}, {"model": "clientes.parametro", "pk": 27, "fields": {"nombre": "Ca\u00f1eria"}}, {"model": "clientes.parametro", "pk": 28, "fields": {"nombre": "PInyeccion"}}, {"model": "clientes.parametro", "pk": 29, "fields": {"nombre": "EfecPInyecc"}}, {"model": "clientes.parametro", "pk": 30, "fields": {"nombre": "Deadleg"}}, {"model": "clientes.parametro", "pk": 31, "fields": {"nombre": "EfecDeadleg"}}, {"model": "clientes.equipo", "pk": 1, "fields": {"cliente": "PB_01", "nombre": "V-101", "descripci\u00f3n": "Separador gas de entrada\r\nParte: Envolvente\r\nSistema: PGSAL\r\nSubsistema: Separacion fase 1\r\nDescripcion: Recipiente a presion\r\nEspec. otros: Corrosion por CO2\r\nMaterial: SA 516 Gr 70", "pnid": 1}}, {"model": "clientes.equipo", "pk": 2, "fields": {"cliente": "PB_01", "nombre": "V-102", "descripci\u00f3n": "Separador de gas \r\nParte: Envolvente\r\nSistema: PGSAL\r\nSubsistema: Separacion fase 1\r\nDescripcion: Recipiente a presion\r\nEspec. otros: Corrosion por CO2\r\nMaterial: SA 516 Gr 70", "pnid": 1}}, {"model": "clientes.equipo", "pk": 3, "fields": {"cliente": "PB_01", "nombre": "V-103", "descripci\u00f3n": "Separador de frio\r\nParte: Envolvente\r\nSistema: PGSAL\r\nSubsistema: Separacion fase 1\r\nDescripcion: Recipiente a presion\r\nEspec. otros: ---\r\nMaterial: SA 516 Gr 70", "pnid": 1}}, {"model": "clientes.historia", "pk": 1, "fields": {"fecha": "2018-04-14T09:25:15Z"}}, {"model": "clientes.historia", "pk": 2, "fields": {"fecha": "2018-04-14T09:25:32Z"}}, {"model": "clientes.historia", "pk": 3, "fields": {"fecha": "2018-04-14T09:25:53Z"}}, {"model": "clientes.historia", "pk": 4, "fields": {"fecha": "2018-04-14T09:28:38Z"}}, {"model": "clientes.historia", "pk": 5, "fields": {"fecha": "2018-04-14T09:29:12Z"}}, {"model": "clientes.historia", "pk": 6, "fields": {"fecha": "2018-04-14T09:29:33Z"}}, {"model": "clientes.historia", "pk": 7, "fields": {"fecha": "2018-04-14T09:29:46Z"}}, {"model": "clientes.historia", "pk": 8, "fields": {"fecha": "2018-04-14T09:30:01Z"}}, {"model": "clientes.historia", "pk": 9, "fields": {"fecha": "2018-04-14T09:30:13Z"}}, {"model": "clientes.historia", "pk": 10, "fields": {"fecha": "2018-04-14T09:30:30Z"}}, {"model": "clientes.historia", "pk": 11, "fields": {"fecha": "2018-04-14T09:30:57Z"}}, {"model": "clientes.historia", "pk": 12, "fields": {"fecha": "2018-04-14T09:31:52Z"}}, {"model": "clientes.historia", "pk": 13, "fields": {"fecha": "2018-04-14T09:32:08Z"}}, {"model": "clientes.historia", "pk": 14, "fields": {"fecha": "2018-04-14T09:32:42Z"}}, {"model": "clientes.historia", "pk": 15, "fields": {"fecha": "2018-04-14T09:32:57Z"}}, {"model": "clientes.historia", "pk": 16, "fields": {"fecha": "2018-04-14T09:33:13Z"}}, {"model": "clientes.historia", "pk": 17, "fields": {"fecha": "2018-04-14T09:33:42Z"}}, {"model": "clientes.historia", "pk": 18, "fields": {"fecha": "2018-04-14T09:34:04Z"}}, {"model": "clientes.historia", "pk": 19, "fields": {"fecha": "2018-04-14T09:34:50Z"}}, {"model": "clientes.historia", "pk": 20, "fields": {"fecha": "2018-04-14T09:35:02Z"}}, {"model": "clientes.historia", "pk": 21, "fields": {"fecha": "2018-04-14T09:35:16Z"}}, {"model": "clientes.historia", "pk": 22, "fields": {"fecha": "2018-04-14T09:35:39Z"}}, {"model": "clientes.historia", "pk": 23, "fields": {"fecha": "2018-04-14T09:36:10Z"}}, {"model": "clientes.historia", "pk": 24, "fields": {"fecha": "2018-04-14T09:42:28Z"}}, {"model": "clientes.historia", "pk": 25, "fields": {"fecha": "2018-04-14T09:42:50Z"}}, {"model": "clientes.historia", "pk": 26, "fields": {"fecha": "2018-04-14T09:43:06Z"}}, {"model": "clientes.historia", "pk": 27, "fields": {"fecha": "2018-04-14T09:43:22Z"}}, {"model": "clientes.historia", "pk": 28, "fields": {"fecha": "2018-04-14T09:44:28Z"}}, {"model": "clientes.historia", "pk": 29, "fields": {"fecha": "2018-04-14T09:44:46Z"}}, {"model": "clientes.historia", "pk": 30, "fields": {"fecha": "2018-04-14T09:45:03Z"}}, {"model": "clientes.historia", "pk": 31, "fields": {"fecha": "2018-04-14T09:46:56Z"}}, {"model": "clientes.historia", "pk": 32, "fields": {"fecha": "2018-04-14T09:47:06Z"}}, {"model": "clientes.historia", "pk": 33, "fields": {"fecha": "2018-04-14T09:47:15Z"}}, {"model": "clientes.historia", "pk": 34, "fields": {"fecha": "2018-04-14T09:47:30Z"}}, {"model": "clientes.historia", "pk": 35, "fields": {"fecha": "2018-04-14T09:47:56Z"}}, {"model": "clientes.historia", "pk": 36, "fields": {"fecha": "2018-04-14T09:48:07Z"}}, {"model": "clientes.historia", "pk": 37, "fields": {"fecha": "2018-04-14T09:48:22Z"}}, {"model": "clientes.historia", "pk": 38, "fields": {"fecha": "2018-04-14T09:48:34Z"}}, {"model": "clientes.historia", "pk": 39, "fields": {"fecha": "2018-04-14T09:48:45Z"}}, {"model": "clientes.historia", "pk": 40, "fields": {"fecha": "2018-04-14T09:49:05Z"}}, {"model": "clientes.historia", "pk": 41, "fields": {"fecha": "2018-04-14T09:49:20Z"}}, {"model": "clientes.historia", "pk": 42, "fields": {"fecha": "2018-04-14T09:49:29Z"}}, {"model": "clientes.historia", "pk": 43, "fields": {"fecha": "2018-04-14T09:49:48Z"}}, {"model": "clientes.historia", "pk": 44, "fields": {"fecha": "2018-04-14T09:50:04Z"}}, {"model": "clientes.historia", "pk": 45, "fields": {"fecha": "2018-04-14T09:50:16Z"}}, {"model": "clientes.historia", "pk": 46, "fields": {"fecha": "2018-04-14T09:50:26Z"}}, {"model": "clientes.historia", "pk": 47, "fields": {"fecha": "2018-04-14T09:58:45Z"}}, {"model": "clientes.historia", "pk": 48, "fields": {"fecha": "2018-04-14T10:00:18Z"}}, {"model": "clientes.historia", "pk": 49, "fields": {"fecha": "2018-04-14T10:00:28Z"}}, {"model": "clientes.historia", "pk": 50, "fields": {"fecha": "2018-04-14T10:00:38Z"}}, {"model": "clientes.historia", "pk": 51, "fields": {"fecha": "2018-04-14T10:00:51Z"}}, {"model": "clientes.historia", "pk": 52, "fields": {"fecha": "2018-04-14T10:01:02Z"}}, {"model": "clientes.historia", "pk": 53, "fields": {"fecha": "2018-04-14T10:01:15Z"}}, {"model": "clientes.historia", "pk": 54, "fields": {"fecha": "2018-04-14T10:01:30Z"}}, {"model": "clientes.historia", "pk": 55, "fields": {"fecha": "2018-04-14T10:01:40Z"}}, {"model": "clientes.historia", "pk": 56, "fields": {"fecha": "2018-04-14T10:01:49Z"}}, {"model": "clientes.historia", "pk": 57, "fields": {"fecha": "2018-04-14T10:02:05Z"}}, {"model": "clientes.historia", "pk": 58, "fields": {"fecha": "2018-04-14T10:02:27Z"}}, {"model": "clientes.historia", "pk": 59, "fields": {"fecha": "2018-04-14T10:02:38Z"}}, {"model": "clientes.historia", "pk": 60, "fields": {"fecha": "2018-04-14T10:02:52Z"}}, {"model": "clientes.historia", "pk": 61, "fields": {"fecha": "2018-04-14T10:03:05Z"}}, {"model": "clientes.historia", "pk": 62, "fields": {"fecha": "2018-04-14T10:03:17Z"}}, {"model": "clientes.historia", "pk": 63, "fields": {"fecha": "2018-04-14T10:03:42Z"}}, {"model": "clientes.historia", "pk": 64, "fields": {"fecha": "2018-04-14T10:03:55Z"}}, {"model": "clientes.historia", "pk": 65, "fields": {"fecha": "2018-04-14T10:04:09Z"}}, {"model": "clientes.historia", "pk": 66, "fields": {"fecha": "2018-04-14T10:04:19Z"}}, {"model": "clientes.historia", "pk": 67, "fields": {"fecha": "2018-04-14T10:04:37Z"}}, {"model": "clientes.historia", "pk": 68, "fields": {"fecha": "2018-04-14T10:04:48Z"}}, {"model": "clientes.historia", "pk": 69, "fields": {"fecha": "2018-04-14T10:05:11Z"}}, {"model": "clientes.hequipoparametro", "pk": 1, "fields": {"equipo": 1, "parametro": 6, "valor": 73.03}}, {"model": "clientes.hequipoparametro", "pk": 2, "fields": {"equipo": 1, "parametro": 7, "valor": 6.0}}, {"model": "clientes.hequipoparametro", "pk": 3, "fields": {"equipo": 1, "parametro": 8, "valor": 3.18}}, {"model": "clientes.hequipoparametro", "pk": 4, "fields": {"equipo": 1, "parametro": 10, "valor": 0.2}}, {"model": "clientes.hequipoparametro", "pk": 5, "fields": {"equipo": 1, "parametro": 11, "valor": 30.0}}, {"model": "clientes.hequipoparametro", "pk": 6, "fields": {"equipo": 1, "parametro": 13, "valor": 88.8}}, {"model": "clientes.hequipoparametro", "pk": 7, "fields": {"equipo": 1, "parametro": 14, "valor": 99.6}}, {"model": "clientes.hequipoparametro", "pk": 8, "fields": {"equipo": 1, "parametro": 15, "valor": 1.0}}, {"model": "clientes.hequipoparametro", "pk": 9, "fields": {"equipo": 1, "parametro": 16, "valor": 4.0}}, {"model": "clientes.hequipoparametro", "pk": 10, "fields": {"equipo": 1, "parametro": 17, "valor": 2019.0}}, {"model": "clientes.hequipoparametro", "pk": 11, "fields": {"equipo": 1, "parametro": 19, "valor": 260.0}}, {"model": "clientes.hequipoparametro", "pk": 12, "fields": {"equipo": 1, "parametro": 20, "valor": 485.0}}, {"model": "clientes.hequipoparametro", "pk": 13, "fields": {"equipo": 1, "parametro": 21, "valor": 2133.6}}, {"model": "clientes.hequipoparametro", "pk": 14, "fields": {"equipo": 1, "parametro": 22, "valor": 9.0}}, {"model": "clientes.hequipoparametro", "pk": 15, "fields": {"equipo": 1, "parametro": 23, "valor": 3.0}}, {"model": "clientes.hequipoparametro", "pk": 16, "fields": {"equipo": 1, "parametro": 24, "valor": 0.0}}, {"model": "clientes.hequipoparametro", "pk": 17, "fields": {"equipo": 1, "parametro": 25, "valor": 3.0}}, {"model": "clientes.hequipoparametro", "pk": 18, "fields": {"equipo": 1, "parametro": 26, "valor": 5.0}}, {"model": "clientes.hequipoparametro", "pk": 19, "fields": {"equipo": 1, "parametro": 27, "valor": 2.0}}, {"model": "clientes.hequipoparametro", "pk": 20, "fields": {"equipo": 1, "parametro": 28, "valor": 0.0}}, {"model": "clientes.hequipoparametro", "pk": 21, "fields": {"equipo": 1, "parametro": 29, "valor": 0.0}}, {"model": "clientes.hequipoparametro", "pk": 22, "fields": {"equipo": 1, "parametro": 30, "valor": 0.0}}, {"model": "clientes.hequipoparametro", "pk": 23, "fields": {"equipo": 1, "parametro": 31, "valor": 0.0}}, {"model": "clientes.hequipoparametro", "pk": 24, "fields": {"equipo": 2, "parametro": 6, "valor": 79.38}}, {"model": "clientes.hequipoparametro", "pk": 25, "fields": {"equipo": 2, "parametro": 7, "valor": 0.0}}, {"model": "clientes.hequipoparametro", "pk": 26, "fields": {"equipo": 2, "parametro": 8, "valor": 3.18}}, {"model": "clientes.hequipoparametro", "pk": 27, "fields": {"equipo": 2, "parametro": 10, "valor": 0.4}}, {"model": "clientes.hequipoparametro", "pk": 28, "fields": {"equipo": 2, "parametro": 11, "valor": 30.0}}, {"model": "clientes.hequipoparametro", "pk": 29, "fields": {"equipo": 2, "parametro": 13, "valor": 91.5}}, {"model": "clientes.hequipoparametro", "pk": 30, "fields": {"equipo": 2, "parametro": 14, "valor": 140.74}}, {"model": "clientes.hequipoparametro", "pk": 31, "fields": {"equipo": 2, "parametro": 15, "valor": 1.0}}, {"model": "clientes.hequipoparametro", "pk": 32, "fields": {"equipo": 2, "parametro": 16, "valor": 4.0}}, {"model": "clientes.hequipoparametro", "pk": 33, "fields": {"equipo": 2, "parametro": 17, "valor": 2019.0}}, {"model": "clientes.hequipoparametro", "pk": 34, "fields": {"equipo": 2, "parametro": 19, "valor": 260.0}}, {"model": "clientes.hequipoparametro", "pk": 35, "fields": {"equipo": 2, "parametro": 20, "valor": 485.0}}, {"model": "clientes.hequipoparametro", "pk": 36, "fields": {"equipo": 2, "parametro": 21, "valor": 1676.4}}, {"model": "clientes.hequipoparametro", "pk": 37, "fields": {"equipo": 2, "parametro": 22, "valor": 9.0}}, {"model": "clientes.hequipoparametro", "pk": 38, "fields": {"equipo": 2, "parametro": 23, "valor": 3.0}}, {"model": "clientes.hequipoparametro", "pk": 39, "fields": {"equipo": 2, "parametro": 24, "valor": 1.0}}, {"model": "clientes.hequipoparametro", "pk": 40, "fields": {"equipo": 2, "parametro": 25, "valor": 3.0}}, {"model": "clientes.hequipoparametro", "pk": 41, "fields": {"equipo": 2, "parametro": 26, "valor": 5.0}}, {"model": "clientes.hequipoparametro", "pk": 42, "fields": {"equipo": 2, "parametro": 27, "valor": 2.0}}, {"model": "clientes.hequipoparametro", "pk": 43, "fields": {"equipo": 2, "parametro": 28, "valor": 0.0}}, {"model": "clientes.hequipoparametro", "pk": 44, "fields": {"equipo": 2, "parametro": 29, "valor": 0.0}}, {"model": "clientes.hequipoparametro", "pk": 45, "fields": {"equipo": 2, "parametro": 30, "valor": 0.0}}, {"model": "clientes.hequipoparametro", "pk": 46, "fields": {"equipo": 2, "parametro": 31, "valor": 0.0}}, {"model": "clientes.hequipoparametro", "pk": 47, "fields": {"equipo": 3, "parametro": 6, "valor": 82.55}}, {"model": "clientes.hequipoparametro", "pk": 48, "fields": {"equipo": 3, "parametro": 7, "valor": 4.0}}, {"model": "clientes.hequipoparametro", "pk": 49, "fields": {"equipo": 3, "parametro": 8, "valor": 3.18}}, {"model": "clientes.hequipoparametro", "pk": 50, "fields": {"equipo": 3, "parametro": 10, "valor": 0.3}}, {"model": "clientes.hequipoparametro", "pk": 51, "fields": {"equipo": 3, "parametro": 11, "valor": -20.2}}, {"model": "clientes.hequipoparametro", "pk": 52, "fields": {"equipo": 3, "parametro": 13, "valor": 81.1}}, {"model": "clientes.hequipoparametro", "pk": 53, "fields": {"equipo": 3, "parametro": 14, "valor": 99.6}}, {"model": "clientes.hequipoparametro", "pk": 54, "fields": {"equipo": 3, "parametro": 15, "valor": 0.0}}, {"model": "clientes.hequipoparametro", "pk": 55, "fields": {"equipo": 3, "parametro": 16, "valor": 4.0}}, {"model": "clientes.hequipoparametro", "pk": 56, "fields": {"equipo": 3, "parametro": 17, "valor": 2021.0}}, {"model": "clientes.hequipoparametro", "pk": 57, "fields": {"equipo": 3, "parametro": 19, "valor": 260.0}}, {"model": "clientes.hequipoparametro", "pk": 58, "fields": {"equipo": 3, "parametro": 20, "valor": 485.0}}, {"model": "clientes.hequipoparametro", "pk": 59, "fields": {"equipo": 3, "parametro": 21, "valor": 1981.2}}, {"model": "clientes.hequipoparametro", "pk": 60, "fields": {"equipo": 3, "parametro": 22, "valor": 9.0}}, {"model": "clientes.hequipoparametro", "pk": 61, "fields": {"equipo": 3, "parametro": 23, "valor": 3.0}}, {"model": "clientes.hequipoparametro", "pk": 62, "fields": {"equipo": 3, "parametro": 24, "valor": 2.0}}, {"model": "clientes.hequipoparametro", "pk": 63, "fields": {"equipo": 3, "parametro": 25, "valor": 3.0}}, {"model": "clientes.hequipoparametro", "pk": 64, "fields": {"equipo": 3, "parametro": 26, "valor": 0.0}}, {"model": "clientes.hequipoparametro", "pk": 65, "fields": {"equipo": 3, "parametro": 27, "valor": 2.0}}, {"model": "clientes.hequipoparametro", "pk": 66, "fields": {"equipo": 3, "parametro": 28, "valor": 0.0}}, {"model": "clientes.hequipoparametro", "pk": 67, "fields": {"equipo": 3, "parametro": 29, "valor": 0.0}}, {"model": "clientes.hequipoparametro", "pk": 68, "fields": {"equipo": 3, "parametro": 30, "valor": 0.0}}, {"model": "clientes.hequipoparametro", "pk": 69, "fields": {"equipo": 3, "parametro": 31, "valor": 0.0}}]